Avdeev | Katya | avdeev-katya2435_1978@ukr.net | KatyaAvdeev2419
Osipov | Stanislav | osipov-stanislav3337_1982@list.ru | StanislavOsipov3319
Gaidarji | Petya | gaidarji-petya15_1991@ukr.net | PetyaGaidarji119
